data,filename
1032675957640,1032675957640.png
7522120577682,7522120577682.png
5266257626746,5266257626746.png
3375158334596,3375158334596.png
3388555205184,3388555205184.png
3166850847901,3166850847901.png
5995056353253,5995056353253.png
0658401285221,0658401285221.png
3096531271330,3096531271330.png
8118302444858,8118302444858.png
8430905302023,8430905302023.png
5369517450011,5369517450011.png
5402275455242,5402275455242.png
5297079462210,5297079462210.png
6525303009815,6525303009815.png
6696375520636,6696375520636.png
7999519732466,7999519732466.png
5927847451657,5927847451657.png
9410626693620,9410626693620.png
4052866902131,4052866902131.png
3526930324763,3526930324763.png
8282330712627,8282330712627.png
4214861422545,4214861422545.png
3783881313696,3783881313696.png
8011651880335,8011651880335.png
2850914076849,2850914076849.png
5077388644125,5077388644125.png
6397966771426,6397966771426.png
2510648005423,2510648005423.png
5431722623719,5431722623719.png
6321619316504,6321619316504.png
7359434357854,7359434357854.png
4227101231070,4227101231070.png
2333877765889,2333877765889.png
8546339397882,8546339397882.png
6765810656122,6765810656122.png
9528506759935,9528506759935.png
1614315804811,1614315804811.png
7100095670611,7100095670611.png
9402921605175,9402921605175.png
6552888509482,6552888509482.png
0494160400534,0494160400534.png
3862244448064,3862244448064.png
4429963852756,4429963852756.png
0171099107262,0171099107262.png
1160960684577,1160960684577.png
7833015631677,7833015631677.png
9042061300057,9042061300057.png
6753799264872,6753799264872.png
5671539743687,5671539743687.png
4014648006129,4014648006129.png
3790416668897,3790416668897.png
4459475933971,4459475933971.png
4802840062169,4802840062169.png
4053590159477,4053590159477.png
5481844190609,5481844190609.png
4166376247519,4166376247519.png
8609704332610,8609704332610.png
9623528984654,9623528984654.png
9633723590285,9633723590285.png
6601392320484,6601392320484.png
5981203732764,5981203732764.png
4219123775313,4219123775313.png
6950046330814,6950046330814.png
4348971332271,4348971332271.png
5225832476849,5225832476849.png
7075494788189,7075494788189.png
1244940330547,1244940330547.png
5936468321807,5936468321807.png
1725808772161,1725808772161.png
6123240433883,6123240433883.png
5291427609433,5291427609433.png
6797620203214,6797620203214.png
9687785285776,9687785285776.png
6639262547119,6639262547119.png
6786059763889,6786059763889.png
8649793747344,8649793747344.png
6346169177324,6346169177324.png
2844840456291,2844840456291.png
6431902869551,6431902869551.png
6058156210093,6058156210093.png
2082025005685,2082025005685.png
5675561109794,5675561109794.png
6410513117129,6410513117129.png
7448488056369,7448488056369.png
4719653559910,4719653559910.png
1285903767979,1285903767979.png
3028348628995,3028348628995.png
5582650763455,5582650763455.png
7620753172130,7620753172130.png
4468107516534,4468107516534.png
4998688816396,4998688816396.png
1322952336647,1322952336647.png
8945211993041,8945211993041.png
0106473312149,0106473312149.png
4018486584585,4018486584585.png
6724883834513,6724883834513.png
7167949258809,7167949258809.png
6474277614299,6474277614299.png
2448724612798,2448724612798.png